[
    {
        "name": "Information Technology",
        "designations": [
            {
                "name": "Business Analyst"
            },
            {
                "name": "Business-to-Business Marketer"
            },
            {
                "name": "Computer Operator"
            },
            {
                "name": "Computer Programmer"
            },
            {
                "name": "Database Administrator"
            },
            {
                "name": "Database Designer"
            },
            {
                "name": "Datawarehouse Designer"
            },
            {
                "name": "ERP"
            },
            {
                "name": "Help Desk Specialist"
            },
            {
                "name": "Network Administrator"
            },
            {
                "name": "Network Architect"
            },
            {
                "name": "Network Engineer"
            },
            {
                "name": "Network Installer"
            },
            {
                "name": "Project Manager"
            },
            {
                "name": "Quality Assurance Specialist"
            },
            {
                "name": "Software Engineer"
            },
            {
                "name": "System Administrator"
            },
            {
                "name": "System Engineer"
            },
            {
                "name": "Technical Recruiter"
            },
            {
                "name": "Technical Recruiter Consultant"
            },
            {
                "name": "Technical Trainer"
            },
            {
                "name": "Tech Writers"
            },
            {
                "name": "Telecomm Specialist"
            },
            {
                "name": "Tester"
            },
            {
                "name": "Web Developer"
            },
            {
                "name": "Webmaster"
            }
        ]
    },
    {
        "name": "Accounting & Finance",
        "designations": [
            {
                "name": "Accountant"
            },
            {
                "name": "Accounting Manager"
            },
            {
                "name": "Appraiser"
            },
            {
                "name": "Assessor"
            },
            {
                "name": "Auditor"
            },
            {
                "name": "Banker"
            },
            {
                "name": "Banking Analyst"
            },
            {
                "name": "Banking Manager"
            },
            {
                "name": "Bookkeeper"
            },
            {
                "name": "Budget Analyst"
            },
            {
                "name": "Certified Public Accountant"
            },
            {
                "name": "Chief Financial Officer"
            },
            {
                "name": "Compensation or Benefits Specialist"
            },
            {
                "name": "Controller"
            },
            {
                "name": "Cost Estimator"
            },
            {
                "name": "Credit Analyst"
            },
            {
                "name": "Financial Analyst"
            },
            {
                "name": "Financial Examiner"
            },
            {
                "name": "Financial Manager"
            },
            {
                "name": "Financial Manager, Branch or Department"
            },
            {
                "name": "Financial Planner"
            },
            {
                "name": "Financial Specialist"
            },
            {
                "name": "Loan Counselor"
            },
            {
                "name": "Loan Officer"
            },
            {
                "name": "Mortgage Analyst"
            },
            {
                "name": "Mortgage Broker"
            },
            {
                "name": "Personal Financial Advisor"
            },
            {
                "name": "Revenue Agent"
            },
            {
                "name": "Risk Analyst"
            },
            {
                "name": "Tax Collector"
            },
            {
                "name": "Tax Examiner"
            },
            {
                "name": "Tax Manager"
            },
            {
                "name": "Tax Preparer"
            },
            {
                "name": "Treasurer"
            },
            {
                "name": "Underwriter"
            },
            {
                "name": "Mail Clerk"
            },
            {
                "name": "Mail Machine Operator"
            },
            {
                "name": "Marking Clerk"
            },
            {
                "name": "Medical Secretary"
            },
            {
                "name": "Municipal Clerk"
            },
            {
                "name": "New Accounts Clerk"
            },
            {
                "name": "Office Clerk"
            },
            {
                "name": "Order Clerk"
            },
            {
                "name": "Order Filler"
            },
            {
                "name": "Payroll & Timekeeping Clerk"
            },
            {
                "name": "Postal Service Clerk"
            },
            {
                "name": "Postal Service Mail Carrier"
            },
            {
                "name": "Postal Service Mail Processor"
            },
            {
                "name": "Procurement clerk"
            },
            {
                "name": "Receptionist"
            },
            {
                "name": "Secretary"
            },
            {
                "name": "Statement Clerk"
            },
            {
                "name": "Stock Clerk"
            },
            {
                "name": "Switchboard Operator"
            },
            {
                "name": "Teller"
            },
            {
                "name": "Warehouse Clerk"
            },
            {
                "name": "Word Processor or Typist"
            },
            {
                "name": "Loan Counselor"
            },
            {
                "name": "Loan Officer"
            },
            {
                "name": "Mortgage Analyst"
            },
            {
                "name": "Mortgage Broker"
            },
            {
                "name": "Personal Financial Advisor"
            },
            {
                "name": "Revenue Agent"
            },
            {
                "name": "Risk Analyst"
            },
            {
                "name": "Tax Collector"
            },
            {
                "name": "Tax Examiner"
            },
            {
                "name": "Tax Manager"
            },
            {
                "name": "Tax Preparer"
            },
            {
                "name": "Treasurer"
            },
            {
                "name": "Underwriter"
            }
        ]
    },
    {
        "name": "Clerical & Administrative",
        "designations": [
            {
                "name": "Accounting Clerk"
            },
            {
                "name": "Adjustment clerk"
            },
            {
                "name": "Answering Service Operator"
            },
            {
                "name": "Auditing Clerk"
            },
            {
                "name": "Bill & Account Collector"
            },
            {
                "name": "Billing, Cost or Rate Clerk"
            },
            {
                "name": "Billing, Posting or Calculating Machine Operator"
            },
            {
                "name": "Bookkeeping Clerk"
            },
            {
                "name": "Brokerage Clerk"
            },
            {
                "name": "Central Office Operator"
            },
            {
                "name": "Communication Equipment Operator"
            },
            {
                "name": "Correspondence Clerk"
            },
            {
                "name": "Court Clerk"
            },
            {
                "name": "Credit Authorizer"
            },
            {
                "name": "Credit Checker"
            },
            {
                "name": "Directory Assistance Operator"
            },
            {
                "name": "Executive Secretary"
            },
            {
                "name": "File Clerk"
            },
            {
                "name": "Information & Record Clerk"
            },
            {
                "name": "Information Clerk"
            },
            {
                "name": "Legal Secretary"
            },
            {
                "name": "License Clerk"
            },
            {
                "name": "Loan Interviewer"
            }
        ]
    },
    {
        "name": "Construction & Extraction",
        "designations": [
            {
                "name": "Boat Builders & Shipwright"
            },
            {
                "name": "Boilermaker"
            },
            {
                "name": "Brickmason or Blockmason"
            },
            {
                "name": "Brickmason, Blockmason, or Stonemason Helper"
            },
            {
                "name": "Carpenter Assembler or Repairer"
            },
            {
                "name": "Carpenter Helper"
            },
            {
                "name": "Carpet Installer"
            },
            {
                "name": "Ceiling Tile Installer"
            },
            {
                "name": "Cement Mason or Concrete Finisher"
            },
            {
                "name": "Construction & Building Inspector"
            },
            {
                "name": "Construction Assistant"
            },
            {
                "name": "Construction Carpenter"
            },
            {
                "name": "Construction Driller"
            },
            {
                "name": "Construction Laborer"
            },
            {
                "name": "Construction Worker"
            },
            {
                "name": "Construction Trade Helper"
            },
            {
                "name": "Drywall Installer"
            },
            {
                "name": "Electrician"
            },
            {
                "name": "Electrician Helper"
            },
            {
                "name": "Extraction Worker Helper"
            },
            {
                "name": "Extraction Workers"
            },
            {
                "name": "Extractive Worker Manager"
            },
            {
                "name": "Fence Erector"
            },
            {
                "name": "Floor Layer"
            },
            {
                "name": "Floor Sander & Finisher"
            },
            {
                "name": "Grader, Bulldozer, or Scraper Operator"
            },
            {
                "name": "Hazardous Materials Removal Worker"
            },
            {
                "name": "Highway Maintenance Worker"
            },
            {
                "name": "Operating Engineer"
            },
            {
                "name": "Painter, Construction & Maintenance"
            },
            {
                "name": "Painter, Paperhanger, or Plasterer Helper"
            },
            {
                "name": "Paving, Surfacing, or Tamping Equipment Operator"
            },
            {
                "name": "Pile-Driver Operator"
            },
            {
                "name": "Pipe Fitter"
            },
            {
                "name": "Pipe Laying"
            },
            {
                "name": "Pipe Laying Fitter"
            },
            {
                "name": "Pipelayer"
            },
            {
                "name": "Pipelayer, Pipefitter, or Steamfitter Helper"
            },
            {
                "name": "Plumber"
            },
            {
                "name": "Plumbing Helper"
            },
            {
                "name": "Rail-Track Laying & Maintenance Equipment Operator"
            },
            {
                "name": "Roofer Helper"
            },
            {
                "name": "Rough Carpenter"
            },
            {
                "name": "Sheet Metal Worker"
            },
            {
                "name": "Structural Iron & Steel Worker"
            },
            {
                "name": "Tile & Marble Setter"
            },
            {
                "name": "Tile/Marble Setter Helper"
            },
            {
                "name": "Welder & Cutter"
            }
        ]
    },
    {
        "name": "Customer Services",
        "designations": [
            {
                "name": "Collections Agent"
            },
            {
                "name": "Customer Service Manager"
            },
            {
                "name": "Customer Service Representative"
            },
            {
                "name": "Customer Service Supervisor"
            },
            {
                "name": "Facilities Manager"
            },
            {
                "name": "Sales Assistant"
            }
        ]
    },
    {
        "name": "Education, Training, & Library",
        "designations": [
            {
                "name": "Adult Literacy Instructor"
            },
            {
                "name": "Archivists"
            },
            {
                "name": "Area, Ethnic, & Cultural Studies Teacher"
            },
            {
                "name": "Audio-visual Collections Specialist"
            },
            {
                "name": "Biological Science Teacher"
            },
            {
                "name": "Business Teacher"
            },
            {
                "name": "Cataloger"
            },
            {
                "name": "Communications Teacher"
            },
            {
                "name": "Computer Science Teacher"
            },
            {
                "name": "Curator"
            },
            {
                "name": "Education Teacher"
            },
            {
                "name": "Educational Administrator"
            },
            {
                "name": "Elementary & Secondary School Administrator"
            },
            {
                "name": "Elementary School Teacher"
            },
            {
                "name": "English Language & Literature Teacher"
            },
            {
                "name": "Foreign Language & Literature Teacher"
            },
            {
                "name": "GED Instructor"
            },
            {
                "name": "Graduate Teaching Assistant"
            },
            {
                "name": "Health Specialties Teacher"
            },
            {
                "name": "History Teacher"
            },
            {
                "name": "Instructional Coordinator"
            },
            {
                "name": "Kindergarten Teacher"
            },
            {
                "name": "Librarian"
            },
            {
                "name": "Library Assistant - Clerical"
            },
            {
                "name": "Library Technician"
            },
            {
                "name": "Mathematical Science Teacher"
            },
            {
                "name": "Middle School Teacher"
            },
            {
                "name": "Museum Conservator"
            },
            {
                "name": "Postsecondary School Administrator"
            },
            {
                "name": "Postsecondary Teacher"
            },
            {
                "name": "Preschool or Child Care Center Administrator"
            },
            {
                "name": "Preschool Teacher"
            },
            {
                "name": "Psychology Teacher"
            },
            {
                "name": "Remedial Education Instructor"
            },
            {
                "name": "School Counselor"
            },
            {
                "name": "Secondary School Teacher"
            },
            {
                "name": "Self-enrichment Instructor"
            },
            {
                "name": "Social Science Teacher"
            },
            {
                "name": "Special Education Teacher"
            },
            {
                "name": "Special Education Teacher - Elementary School"
            },
            {
                "name": "Special Education Teacher - Kindergarten"
            },
            {
                "name": "Special Education Teacher - Middle School"
            },
            {
                "name": "Special Education Teacher - Preschool"
            },
            {
                "name": "Teaching Assistant"
            },
            {
                "name": "Vocational Education School Counselor"
            },
            {
                "name": "Vocational Education Teacher - Middle School"
            },
            {
                "name": "Vocational Education Teacher - Postsecondary"
            },
            {
                "name": "Vocational Education Teacher - Secondary School"
            }
        ]
    },
    {
        "name": "Engineering & Architecture",
        "designations": [
            {
                "name": "Aerospace Engineer"
            },
            {
                "name": "Agricultural Engineer"
            },
            {
                "name": "Architect"
            },
            {
                "name": "Architectural Drafter"
            },
            {
                "name": "Automotive Engineer"
            },
            {
                "name": "Biomedical Engineer"
            },
            {
                "name": "CAD Engineer"
            },
            {
                "name": "Chemical Engineer"
            },
            {
                "name": "Civil Drafter"
            },
            {
                "name": "Civil Engineer"
            },
            {
                "name": "Computer Hardware Engineer"
            },
            {
                "name": "Drafter"
            },
            {
                "name": "Electrical Drafter"
            },
            {
                "name": "Electrical Engineer"
            },
            {
                "name": "Electronic Drafter"
            },
            {
                "name": "Electronics Engineer"
            },
            {
                "name": "Engineer"
            },
            {
                "name": "Engineering Manager"
            },
            {
                "name": "Engineering Technician"
            },
            {
                "name": "Environmental Engineer"
            },
            {
                "name": "Fire-Prevention & Protection Engineer"
            },
            {
                "name": "Industrial Engineer"
            },
            {
                "name": "Industrial Safety & Health Engineer"
            },
            {
                "name": "Landscape Architect"
            },
            {
                "name": "Marine Architect"
            },
            {
                "name": "Marine Engineer"
            },
            {
                "name": "Materials Engineer"
            },
            {
                "name": "Mechanical Drafter"
            },
            {
                "name": "Mechanical Engineer"
            },
            {
                "name": "Mining & Geological Engineer"
            },
            {
                "name": "Nuclear Engineer"
            },
            {
                "name": "Petroleum Engineer"
            },
            {
                "name": "Plastics Engineer"
            },
            {
                "name": "Process Engineer"
            },
            {
                "name": "Product Design Engineer"
            },
            {
                "name": "Product Safety Engineer"
            },
            {
                "name": "Rail Engineer"
            },
            {
                "name": "Sales Engineer"
            },
            {
                "name": "Satellite Engineer"
            },
            {
                "name": "Surveyor"
            },
            {
                "name": "Urban Planning Engineer"
            },
            {
                "name": "Wireless Engineer"
            }
        ]
    },
    {
        "name": "Healthcare & Medical",
        "designations": [
            {
                "name": "Admissions Director"
            },
            {
                "name": "Admissions Registration Clerk"
            },
            {
                "name": "Athletic Trainer"
            },
            {
                "name": "Billing/Coding Specialist"
            },
            {
                "name": "Cardiovascular Technologist"
            },
            {
                "name": "Case Management Manager"
            },
            {
                "name": "Chart Assembler"
            },
            {
                "name": "Coding Educator"
            },
            {
                "name": "Dental Assistant"
            },
            {
                "name": "Diagnostic Medical Sonographer"
            },
            {
                "name": "Diagnostic Medical Nutritionist"
            },
            {
                "name": "Emergency Medical Technician"
            },
            {
                "name": "Emergency Wound Care Technician"
            },
            {
                "name": "Health Technologist"
            },
            {
                "name": "Home Health Aide"
            },
            {
                "name": "Laboratory Animal Caretaker"
            },
            {
                "name": "Licensed Nurse"
            },
            {
                "name": "Materials Manager"
            },
            {
                "name": "Medical & Clinical Laboratory Technician"
            },
            {
                "name": "Medical & Clinical Laboratory Technologist"
            },
            {
                "name": "Medical Assistant"
            },
            {
                "name": "Medical Equipment Preparer"
            },
            {
                "name": "Medical Equipment Repairer"
            },
            {
                "name": "Medical Office Manager"
            },
            {
                "name": "Medical or Health Services Manager"
            },
            {
                "name": "Medical Records Assistant"
            },
            {
                "name": "Medical Records Technician"
            },
            {
                "name": "Medical Secretaries"
            },
            {
                "name": "Medical Transcriptionist"
            },
            {
                "name": "Message Therapist"
            },
            {
                "name": "Nursing Aide"
            },
            {
                "name": "Occupational Health & Safety Specialist"
            },
            {
                "name": "Occupational Therapist Aide"
            },
            {
                "name": "Orderly"
            },
            {
                "name": "Pharmacist"
            },
            {
                "name": "Pharmacy Technician"
            },
            {
                "name": "Physical Therapist"
            },
            {
                "name": "Physician Assistant"
            },
            {
                "name": "Psychiatric Aide"
            },
            {
                "name": "Quality Assurance Director"
            },
            {
                "name": "Quality Coordinator"
            },
            {
                "name": "Radiologic Technician"
            },
            {
                "name": "Radiologic Technologist"
            },
            {
                "name": "Registered Nurse"
            },
            {
                "name": "Surgical Technologist"
            },
            {
                "name": "Veterinary Assistant"
            },
            {
                "name": "Veterinary Technician"
            }
        ]
    },
    {
        "name": "Human Resources",
        "designations": [
            {
                "name": "Benefits Specialist"
            },
            {
                "name": "Compensation Specialist"
            },
            {
                "name": "Employment Interviewer"
            },
            {
                "name": "Human Resource Consultant"
            },
            {
                "name": "Human Resource Labor Relationship Specialist"
            },
            {
                "name": "Human Resource Training Specialist"
            },
            {
                "name": "Job Analysis Specialist"
            },
            {
                "name": "Organizational Development Specialist"
            },
            {
                "name": "Personal Recruiter"
            },
            {
                "name": "Recruiter"
            }
        ]
    },
    {
        "name": "Insurance",
        "designations": [
            {
                "name": "Claims Adjuster"
            },
            {
                "name": "Claims Examiner"
            },
            {
                "name": "Claims Investigator"
            },
            {
                "name": "Insurance Appraiser"
            },
            {
                "name": "Insurance Manager"
            },
            {
                "name": "Insurance Sales Manager"
            },
            {
                "name": "Insurance Sales Representative"
            },
            {
                "name": "Insurance Underwriter"
            }
        ]
    },
    {
        "name": "Legal Services",
        "designations": [
            {
                "name": "Adjudicator"
            },
            {
                "name": "Administrative Law Judge"
            },
            {
                "name": "Arbitrator, Mediator or Conciliator"
            },
            {
                "name": "Collector"
            },
            {
                "name": "Contract Administrator"
            },
            {
                "name": "Coroner"
            },
            {
                "name": "Court Clerk"
            },
            {
                "name": "Court Reporter"
            },
            {
                "name": "Document Analyst"
            },
            {
                "name": "Environmental Compliance Inspector"
            },
            {
                "name": "Equal Opportunity Representative"
            },
            {
                "name": "Government Property Inspector/Investigator"
            },
            {
                "name": "Hearing Officer"
            },
            {
                "name": "Law Clerk"
            },
            {
                "name": "Law Office Administrator"
            },
            {
                "name": "Lawyer"
            },
            {
                "name": "Legal Assistant"
            },
            {
                "name": "Legal Secretary"
            },
            {
                "name": "Legal Support Worker"
            },
            {
                "name": "Licensing Examiner/Inspector"
            },
            {
                "name": "Occupational Health & Safety Specialist"
            },
            {
                "name": "Paralegal"
            },
            {
                "name": "Patent Administrator"
            },
            {
                "name": "Practice Support Manager"
            },
            {
                "name": "Pressure Vessel Inspector"
            },
            {
                "name": "Revenue Agent"
            },
            {
                "name": "Tax Examiner"
            },
            {
                "name": "Title Examiner & Abstractor"
            },
            {
                "name": "Title Searcher"
            }
        ]
    },
    {
        "name": "Management & Business",
        "designations": [
            {
                "name": "Administrative Services Manager"
            },
            {
                "name": "Advertising Manager"
            },
            {
                "name": "Assistant Director"
            },
            {
                "name": "Chief communications Officer"
            },
            {
                "name": "Chief Executive Office"
            },
            {
                "name": "Chief Financial Officer"
            },
            {
                "name": "Chief Information Officer"
            },
            {
                "name": "Chief Marketing Officer"
            },
            {
                "name": "Chief Operations Office"
            },
            {
                "name": "Chief Resources Officer"
            },
            {
                "name": "Chief Security Officer"
            },
            {
                "name": "Chief Technology Officer"
            },
            {
                "name": "Compensation & Benefits Manager"
            },
            {
                "name": "Construction manager"
            },
            {
                "name": "Director"
            },
            {
                "name": "Distribution manager"
            },
            {
                "name": "Engineering Manager"
            },
            {
                "name": "Executive Director"
            },
            {
                "name": "Executive Vice President"
            },
            {
                "name": "Financial Manager"
            },
            {
                "name": "Food Service Manager"
            },
            {
                "name": "Gaming Manager"
            },
            {
                "name": "General Counsel"
            },
            {
                "name": "General Manager"
            },
            {
                "name": "Government Service Executive"
            },
            {
                "name": "Human Resources Manager"
            },
            {
                "name": "Industrial Production Manager"
            },
            {
                "name": "Information Technology Manager"
            },
            {
                "name": "Management Trainee"
            },
            {
                "name": "Manager"
            },
            {
                "name": "Managing Director"
            },
            {
                "name": "Marketing manager"
            },
            {
                "name": "Medical & Health Services Manager"
            },
            {
                "name": "Partner"
            },
            {
                "name": "President"
            },
            {
                "name": "Principal"
            },
            {
                "name": "Program Manager"
            },
            {
                "name": "Public Relations Manager"
            },
            {
                "name": "Real Estate Manager"
            },
            {
                "name": "Regional/Multi-Unit Manager"
            },
            {
                "name": "Restaurant Management"
            },
            {
                "name": "Revenue Management"
            },
            {
                "name": "Sales Manager"
            },
            {
                "name": "Security Management"
            },
            {
                "name": "Senior Vice President"
            },
            {
                "name": "Supervisor"
            },
            {
                "name": "Training & Development Manager"
            },
            {
                "name": "Transportation manager"
            },
            {
                "name": "Vice President"
            }
        ]
    },
    {
        "name": "Manufacturing & Production",
        "designations": [
            {
                "name": "Aircraft Rigging Assembler"
            },
            {
                "name": "Aircraft Structure Assembler - Precision"
            },
            {
                "name": "Aircraft Systems Assemblers - Precision"
            },
            {
                "name": "Assembler"
            },
            {
                "name": "Camera Operator"
            },
            {
                "name": "Chemical Equipment Controller"
            },
            {
                "name": "Chemical Equipment Operator"
            },
            {
                "name": "Chemical Equipment Tender"
            },
            {
                "name": "Chemical Plant System Operator"
            },
            {
                "name": "Coating, Painting, or Spraying Machine Operator"
            },
            {
                "name": "Cutting & Slicing Machine Operator"
            },
            {
                "name": "Electrical & Electronic Equipment Assembler"
            },
            {
                "name": "Electrical Inspector"
            },
            {
                "name": "Electrical Tester"
            },
            {
                "name": "Electromechanical Equipment Assembler"
            },
            {
                "name": "Engine & Other Machine Assembler"
            },
            {
                "name": "Extruding Machine Operator"
            },
            {
                "name": "Fabricator"
            },
            {
                "name": "Food Batchmaker"
            },
            {
                "name": "Grinding Machine Set-up Operator"
            },
            {
                "name": "Hand Grinding/Polishing Worker"
            },
            {
                "name": "Machinist"
            },
            {
                "name": "Manufacturing Baker"
            },
            {
                "name": "Materials Inspector"
            },
            {
                "name": "Mechanical Inspector"
            },
            {
                "name": "Medical Appliance Technician"
            },
            {
                "name": "Metal Fabricator, Structural Metal Products"
            },
            {
                "name": "Optical Instrument Assembler"
            },
            {
                "name": "Production Painter"
            },
            {
                "name": "Petroleum Pump System Operator"
            },
            {
                "name": "Petroleum Refinery Operator"
            },
            {
                "name": "Plant Operator"
            },
            {
                "name": "Plastic Molding & Casting Machine Operator"
            },
            {
                "name": "Precision Device Inspector"
            },
            {
                "name": "Precision Device Tester"
            },
            {
                "name": "Press & Press Brake Machine Setter"
            },
            {
                "name": "Printing Machine Operator"
            },
            {
                "name": "Production Helpers"
            },
            {
                "name": "Production Inspector"
            },
            {
                "name": "Production Laborers"
            },
            {
                "name": "Production Sampler"
            },
            {
                "name": "Production Sorter"
            },
            {
                "name": "Production Tester"
            },
            {
                "name": "System Operator"
            },
            {
                "name": "Team Assembler"
            },
            {
                "name": "Woodworker"
            }
        ]
    },
    {
        "name": "Marketing & Advertising",
        "designations": [
            {
                "name": "Account Assistant"
            },
            {
                "name": "Account Executive"
            },
            {
                "name": "Account Manager"
            },
            {
                "name": "Advertising Sales Agents"
            },
            {
                "name": "Animator"
            },
            {
                "name": "Advertising Art Director"
            },
            {
                "name": "Brand Management Specialist"
            },
            {
                "name": "Consumer Behavior Analyst"
            },
            {
                "name": "Copywriter"
            },
            {
                "name": "Creative Director"
            },
            {
                "name": "Database Marketing Specialist"
            },
            {
                "name": "Demonstrators"
            },
            {
                "name": "Direct Marketer"
            },
            {
                "name": "Email Marketing Specialist"
            },
            {
                "name": "Event and Trade Show Marketer"
            },
            {
                "name": "Field Marketing Representative"
            },
            {
                "name": "Global Marketing Associate"
            },
            {
                "name": "Graphic Designer"
            },
            {
                "name": "Integrated Marketing Associate"
            },
            {
                "name": "Interactive Marketing Specialist"
            },
            {
                "name": "Internet Marketing Specialist"
            },
            {
                "name": "Market Analyst"
            },
            {
                "name": "Market Development Specialist"
            },
            {
                "name": "Market Research Analyst"
            },
            {
                "name": "Market Researcher"
            },
            {
                "name": "Marketing Communications Associate"
            },
            {
                "name": "Marketing Coordinator"
            },
            {
                "name": "Media Buyer"
            },
            {
                "name": "Media Director"
            },
            {
                "name": "Media Planner"
            },
            {
                "name": "Retail Merchandise Displayer"
            },
            {
                "name": "Multi-Media Artist"
            },
            {
                "name": "Office and Administrative Assistants"
            },
            {
                "name": "Product Development Associate"
            },
            {
                "name": "Product Marketing Associate"
            },
            {
                "name": "Product Promoters"
            },
            {
                "name": "Production Worker"
            },
            {
                "name": "Promotions Manager"
            },
            {
                "name": "Purchasing Agent"
            },
            {
                "name": "Research Executive"
            },
            {
                "name": "Retention Marketing Specialist"
            },
            {
                "name": "SEO Specialist"
            },
            {
                "name": "Survey Researcher"
            },
            {
                "name": "Telemarketer"
            },
            {
                "name": "Viral or WOM Marketing Specialist"
            }
        ]
    },
    {
        "name": "Media & Communication",
        "designations": [
            {
                "name": "Audio & Video Equipment Technician"
            },
            {
                "name": "Broadcast News Analyst"
            },
            {
                "name": "Broadcast Technician"
            },
            {
                "name": "Camera Operator"
            },
            {
                "name": "Caption Writer"
            },
            {
                "name": "Copy Writing"
            },
            {
                "name": "Correspondent"
            },
            {
                "name": "Creative Writer"
            },
            {
                "name": "Editor"
            },
            {
                "name": "Film & Video Editor"
            },
            {
                "name": "Grip"
            },
            {
                "name": "Lyricist"
            },
            {
                "name": "Media & Communication Equipment Operator"
            },
            {
                "name": "Motion Picture Set Worker"
            },
            {
                "name": "Poet"
            },
            {
                "name": "Professional Photographer"
            },
            {
                "name": "Public Address System Announcer"
            },
            {
                "name": "Public Relations Specialist"
            },
            {
                "name": "Radio Announcer"
            },
            {
                "name": "Radio Operator"
            },
            {
                "name": "Reporter"
            },
            {
                "name": "Sound Engineering Technician"
            },
            {
                "name": "Stage Hand"
            },
            {
                "name": "Studio Worker"
            },
            {
                "name": "Media and Communication Technical Writer"
            },
            {
                "name": "Television Announcer"
            }
        ]
    },
    {
        "name": "Public Relations",
        "designations": [
            {
                "name": "Account Executive"
            },
            {
                "name": "Assistant Account Executive"
            },
            {
                "name": "Corporate Communications Specialist"
            },
            {
                "name": "Director of Communications"
            },
            {
                "name": "Director of External Communications"
            },
            {
                "name": "Director of Public Affairs"
            },
            {
                "name": "Event Coordinator"
            },
            {
                "name": "Event Manager"
            },
            {
                "name": "Internal Communications Specialist"
            },
            {
                "name": "Media Director"
            },
            {
                "name": "Media Relations Manager"
            },
            {
                "name": "Public Affairs Manager"
            },
            {
                "name": "Public Relations Assistant"
            },
            {
                "name": "Public Relations Director"
            },
            {
                "name": "Public Relations Specialist"
            },
            {
                "name": "Research Assistant"
            },
            {
                "name": "Senior Account Executive"
            }
        ]
    },
    {
        "name": "Sales & Sales Management",
        "designations": [
            {
                "name": "Advertising Sales Agent"
            },
            {
                "name": "Agricultural Sales Representative"
            },
            {
                "name": "Biotechnical Equipment Sales Representative"
            },
            {
                "name": "Cashier"
            },
            {
                "name": "Chemical Sales Representative"
            },
            {
                "name": "Computer Hardware Sales Representative"
            },
            {
                "name": "Counter Clerk"
            },
            {
                "name": "Demonstrator"
            },
            {
                "name": "Door-to-door Sales Worker"
            },
            {
                "name": "Financial Services Sales Agent"
            },
            {
                "name": "Food Service Sales Agent"
            },
            {
                "name": "Instrument Sales Representative"
            },
            {
                "name": "Insurance Sales Agent"
            },
            {
                "name": "Mechanical Equipment Sales Representative"
            },
            {
                "name": "Medical Sales Representative"
            },
            {
                "name": "Non-retail Sales Supervisor"
            },
            {
                "name": "Parts Salesperson"
            },
            {
                "name": "Pharmaceutical Sales Representative"
            },
            {
                "name": "Product Promoter"
            },
            {
                "name": "Real Estate Sales Agent"
            },
            {
                "name": "Retail Sales Representative"
            },
            {
                "name": "Retail Sales Supervisor"
            },
            {
                "name": "Sales Engineer Position"
            },
            {
                "name": "Sales & Sales Management"
            },
            {
                "name": "Software Sales Representative"
            },
            {
                "name": "Telecommunications Sales Agent"
            },
            {
                "name": "Telemarketer"
            },
            {
                "name": "Vendor"
            }
        ]
    },
    {
        "name": "Science & Biotech",
        "designations": [
            {
                "name": "Agricultural Technician"
            },
            {
                "name": "Animal Scientist"
            },
            {
                "name": "Astronomer"
            },
            {
                "name": "Atmospheric Scientist"
            },
            {
                "name": "Biochemist"
            },
            {
                "name": "Biological Technician"
            },
            {
                "name": "Biologist"
            },
            {
                "name": "Biophysicist"
            },
            {
                "name": "Biostatatician"
            },
            {
                "name": "Chemical Technician"
            },
            {
                "name": "Chemist"
            },
            {
                "name": "City Planning Aides"
            },
            {
                "name": "Clinical Data Management"
            },
            {
                "name": "Clinical In-house Monitoring"
            },
            {
                "name": "Clinical Pharmacovigilance/Drug Safety"
            },
            {
                "name": "Clinical Quality Assurance Officer"
            },
            {
                "name": "Clinical Regional Monitoring"
            },
            {
                "name": "Clinical Regulatory Affairs"
            },
            {
                "name": "Clinical Research Associate"
            },
            {
                "name": "Clinical SAS Programming"
            },
            {
                "name": "Environmental Science Technician"
            },
            {
                "name": "Environmental Scientist"
            },
            {
                "name": "Epidemiologist"
            },
            {
                "name": "Food Science Technician"
            },
            {
                "name": "Food Scientist"
            },
            {
                "name": "Forest & Conservation Technician"
            },
            {
                "name": "Forester"
            },
            {
                "name": "Geological Data Technician"
            },
            {
                "name": "Geological Sample Test Technician"
            },
            {
                "name": "Geologist"
            },
            {
                "name": "Hydrologist"
            },
            {
                "name": "Laboratory Technician"
            },
            {
                "name": "Life Scientist"
            },
            {
                "name": "Market Research Analyst"
            },
            {
                "name": "Materials Scientist"
            },
            {
                "name": "Medical Scientist"
            },
            {
                "name": "Microbiologist"
            },
            {
                "name": "Nuclear Technician"
            },
            {
                "name": "Park Naturalist"
            },
            {
                "name": "Physical Scientist"
            },
            {
                "name": "Physicist"
            },
            {
                "name": "Plant Scientist"
            },
            {
                "name": "Social Science Research Assistant"
            },
            {
                "name": "Social Scientist"
            },
            {
                "name": "Soil Conservationist"
            },
            {
                "name": "Soil Scientist"
            },
            {
                "name": "Space Scientist"
            },
            {
                "name": "Survey Researcher"
            },
            {
                "name": "Wildlife Biologist"
            },
            {
                "name": "Zoologist"
            }
        ]
    },
    {
        "name": "Transportation & Logistics",
        "designations": [
            {
                "name": "Able Seamen"
            },
            {
                "name": "Air Traffic Controller"
            },
            {
                "name": "Aircraft Cargo Handler"
            },
            {
                "name": "Airfield Operations Specialist"
            },
            {
                "name": "Airline Copilot"
            },
            {
                "name": "Airline Pilot"
            },
            {
                "name": "Aviation Inspector"
            },
            {
                "name": "Bridge or Lock Tender"
            },
            {
                "name": "Chauffeur"
            },
            {
                "name": "Commercial Pilot"
            },
            {
                "name": "Conveyor Operator"
            },
            {
                "name": "Crane Operator"
            },
            {
                "name": "Delivery Services Truck Driver"
            },
            {
                "name": "Excavating Machine Operator"
            },
            {
                "name": "Flight Engineer"
            },
            {
                "name": "Freight Inspector"
            },
            {
                "name": "Hand Freight Mover"
            },
            {
                "name": "Heavy Truck Driver"
            },
            {
                "name": "Hoist & Winch Operator"
            },
            {
                "name": "Industrial Truck Operator"
            },
            {
                "name": "Loading Machine Operator"
            },
            {
                "name": "Locomotive Engineer"
            },
            {
                "name": "Machine Feeder"
            },
            {
                "name": "Marine Cargo Inspector"
            },
            {
                "name": "Mates"
            },
            {
                "name": "Motor Vehicle Inspector"
            },
            {
                "name": "Motor Vehicle Operator"
            },
            {
                "name": "Motorboat Operator"
            },
            {
                "name": "Ordinary Seaman"
            },
            {
                "name": "Packer"
            },
            {
                "name": "Public Transportation Inspector"
            },
            {
                "name": "Rail Car Repairer"
            },
            {
                "name": "Rail Yard Engineer"
            },
            {
                "name": "Railroad Conductor"
            },
            {
                "name": "Railroad Yard Worker"
            },
            {
                "name": "Refuse Material Collector"
            },
            {
                "name": "School Bus Driver"
            },
            {
                "name": "Ship Captain"
            },
            {
                "name": "Shuttle Car Operator"
            },
            {
                "name": "Streetcar Operator"
            },
            {
                "name": "Subway Operator"
            },
            {
                "name": "Taxi Driver"
            },
            {
                "name": "Tractor-trailer Truck Driver"
            },
            {
                "name": "Transit Bus Driver"
            },
            {
                "name": "Yardmaster"
            }
        ]
    }
]